User_name,Datetime,Content,Links,Tweet_ID
nbgafrica,2020-08-15T23:59:59.000Z,NCDC Confirms 329 Fresh COVID-19 Cases -  tinyurl.com/y5aqeqyu,https://t.co/9pYoxI9acv,1294785944596418562
iOptimizeRealty,2020-08-15T23:59:59.000Z,Best Business Practices For Corporate Tenants During The Pandemic #CRE #COVID-19 #TenantTips #CorporateTenants #CorporateRealEstate    hubs.ly/H0tyzxM0,https://x.com/hashtag/CRE?src=hashtag_click https://x.com/hashtag/COVID?src=hashtag_click https://x.com/hashtag/TenantTips?src=hashtag_click https://x.com/hashtag/CorporateTenants?src=hashtag_click https://x.com/hashtag/CorporateRealEstate?src=hashtag_click https://t.co/psEHgiUH4a,1294785942218252295
AtadKim,2020-08-15T23:59:59.000Z,"Watch my quarantine birthday guys! Also, don't forget to like, share and subscribe to my channel  youtu.be/1w4P7K4HbEo",https://t.co/nysPfZkI1p,1294785941928697856
IndustryMonkey,2020-08-15T23:59:59.000Z,Watching this movie Locke with Tom Hardy and I don’t get the point of it at all but would have been the perfect film to shoot during this pandemic.,,1294785941245067264
jeet_kaushik,2020-08-15T23:59:58.000Z,"Logistics Firms Fast-Track Cloud, AI Projects After Covid-19 Lays Bare Supply-Chain Gaps  upflow.co/l/rSPv",https://t.co/uWedQHMBjk,1294785938963472385
Lenthebastard,2020-08-15T23:59:58.000Z,"I'll be the first to admit it, in person teaching is best. During a pandemic, not so much. Virtual will do until it is safe.",,1294785938875441162
PhoenixEdgeRPG,2020-08-15T23:59:58.000Z,"In 2006, $600 bought a PS3, and it flopped. 600 adjusted for inflation in 2020, is $771. So, $600 today, is equivalent to $429 in 2006. Wage stagnation, pandemic, all factors. The reality is, people want next-gen experiences, and that costs money to make. $550 is the sweet spot.",,1294785938007232512
malvsversion,2020-08-15T23:59:57.000Z,cause we could stay at home and watch the sunset,,1294785936841011201
Loriwhiteside8,2020-08-15T23:59:57.000Z,Same as the no big deal approach to COVID and the economic crisis.,,1294785935800860672
AnkithNair2,2020-08-15T23:59:57.000Z,Bhai the reason is simple  @Andaman_Admin  is least bothered an the people who should really look into this matter are busy making new circulars for lockdown an giving false hope fed up of this situation an management never gna learn i gues lst me ye 100% covid postive island bnega,https://x.com/Andaman_Admin,1294785935347867648
grandioseRush,2020-08-15T23:59:57.000Z,got to page 1000 (theres like 8k total) within like a day and now i wish i wouldve started earlier this lockdown cause i couldve finished it in a breeze,,1294785933527719938
Baby90Cruiz,2020-08-15T23:59:56.000Z,@RealKiddwaya  is the King of #BBNajia Lockdown...a king I Stan and restan,https://x.com/RealKiddwaya https://x.com/hashtag/BBNajia?src=hashtag_click,1294785932185538562
johnthefocuser,2020-08-15T23:59:56.000Z,Evil bastards doing this in plane sight and people still trust them ?  news.yahoo.com/us-developing- …,https://t.co/TlSWhp0ALm,1294785932160389122
CherylSaunders1,2020-08-15T23:59:55.000Z,"To correct misapprehensions, following #insiders. Quarantine is a shared power. Commonwealth law prevails if there is inconsistency. Typically, in Australia, each government administers its own legislation.",https://x.com/hashtag/insiders?src=hashtag_click,1294785928494342144
JayGordonMDFAAP,2020-08-15T23:59:55.000Z,"How Did Sweden Flatten Its Curve Without a Lockdown? “In Sweden, the strategy has led to death, grief, and suffering, On top of that, there are no indications that the Swedish economy has fared better than in many other countries” “How not to do it”  medpagetoday.com/infectiousdise …",https://t.co/FWK9FkD05S,1294785926913114112
GrizGoddess,2020-08-15T23:59:55.000Z,What do mean all  @Walmart  are Covid free,https://x.com/Walmart,1294785926330187777
InconvenientTr5,2020-08-15T23:59:54.000Z,BIGGEST QUESTION of 2020:   WHERE was #Trump in JANUARY--FEBRUARY when #Covid Hit #USA ???   Watching #TV & Tweeting BS   Playing Golf   Holding #HATE Rallies   #Trump Must GO on NOV. 3!  #TrumpLiesPeopleDIE      #ETTD,https://x.com/hashtag/Trump?src=hashtag_click https://x.com/hashtag/Covid?src=hashtag_click https://x.com/hashtag/Covid?src=hashtag_click https://x.com/hashtag/USA?src=hashtag_click https://x.com/hashtag/TV?src=hashtag_click https://x.com/hashtag/HATE?src=hashtag_click https://x.com/hashtag/Trump?src=hashtag_click https://x.com/hashtag/TrumpLiesPeopleDIE?src=hashtag_click https://x.com/hashtag/ETTD?src=hashtag_click,1294785923000000512
saengchaenim,2020-08-15T23:59:54.000Z,imagine getting a vaccine that will have a chip so BIL GATE can track you anywhere you go and then you get mind controlled brainwashde into voting democrat rest of your life heh no thanks friendo you can be the guineaea pigs i will not take test and you can't force me ELON MUST!!,,1294785922270138368
limscott,2020-08-15T23:59:53.000Z,"Mate. Have you heard of this thing called hotel quarantine? Forest fire management was one of the agencies in charge. Not police, ADF, or corrections. What did he do  wrong. NZ health minister resigned cause of 2 abscondees from Hotel Qurantine. Our health minister?",,1294785919539535872
tctess2,2020-08-15T23:59:53.000Z,Who is Kamala Harris? | The Daily Social Distancing Show  youtu.be/0zAUx8xhl3Q via  @YouTube,https://t.co/PoGda4eYY9 https://x.com/YouTube,1294785916570152961
PiersonOlivia,2020-08-15T23:59:53.000Z,Very well said  @damienmgrant . i.stuff.co.nz/opinion/300082 …,https://x.com/damienmgrant https://t.co/3lDrfyhBp3,1294785916414750720
fr_cyn,2020-08-15T23:59:52.000Z,"Precisely The masks I wear & general public I see wearing too, wouldn’t stop any ailment (only cause them if the mask is worn long enough). BS at its finest!",,1294785915924119552
ApricotFilmsLLC,2020-08-15T23:59:52.000Z,France Covid-19 cases 'growing fastest among young' amid second wave fears  f24.my/6luq.T via  @FRANCE24,https://t.co/Lr63Pes12u https://x.com/FRANCE24,1294785915177467904
britnielise_,2020-08-15T23:59:52.000Z,Are we in the middle of a pandemic? Or the end? It’s been 5 months,,1294785914506485761
xpertss97_jeff,2020-08-15T23:59:52.000Z,"@7ElevenInc  I just made a Big Gulp run in 100+ deg. weather in Simi Valley, CA where the cashier had to get the drink for me #crazy #coronavirus",https://x.com/7ElevenInc https://x.com/hashtag/crazy?src=hashtag_click https://x.com/hashtag/coronavirus?src=hashtag_click,1294785913101328385
HilaryMCurrie,2020-08-15T23:59:52.000Z,"Because we're smarter. Why can't you comprehend the significant impact American COVID rates would have on Canada? We've had 9,024 deaths & the USA has had 170,000 deaths. Americans are banned from Canada & Europe for this reason. Stop being so entitled & use some common sense.",,1294785912476299264
wwunited,2020-08-15T23:59:52.000Z,"@Twitter  Immigrant families and communities across our state are facing grave impacts during the pandemic; many families have survived without income for months and are struggling to feed their families, stay healthy, and care for loved ones every day.",https://x.com/Twitter,1294785911872339970
MacMargi,2020-08-15T23:59:51.000Z,"I still feel like Democrats need to mask up, wear gloves and goggles if necessary and vote in person, by the millions.",,1294785910475763712
BrendanBoston,2020-08-15T23:59:51.000Z,honestly thank god for a face mask to cover my chins.... willing to work this look for a long time,,1294785908894466049
NikkeiAsia,2020-08-15T23:59:50.000Z,Russia aims COVID vaccine at Asian buyers beyond Philippines s.nikkei.com/2DVoqc0,https://t.co/RUhAvbPxVP,1294785907095228417
Juniper_Gold79,2020-08-15T23:59:50.000Z,"Biden is the empath to Trump’s narcissist-shaped-by-a-sociopath. He would be the remedy for a nation bereft of jobs, of common kindness, of lives snapped away by a global pandemic. People are starving for sympathy right now.  Learning to Love Joe Biden  nyti.ms/3iHgsC2",https://t.co/vI4on89KJZ,1294785906390466562
Jangalaworld,2020-08-15T23:59:50.000Z,"There is no deal, no promotion. They are not showing off their non-contact social-distancing skills. They are putting more Alfredo sauce on your dish, whether you like it or not. They are pouring more Alfredo sauce over your pasta before they serve it to you. More sauce.",,1294785904549167105
TreyyFromGA,2020-08-15T23:59:50.000Z,i’m expecting ski mask to drop pure bangers in october,,1294785903672664065
KyleDChurch,2020-08-15T23:59:50.000Z,@BexGraham here's that cast about the Vietnamese COVID response :),,1294785903500521472
LumpyLouish,2020-08-15T23:59:49.000Z,They are awesome. My neighbor's dogs I haven't spent too much time over there because covid so it was good hanging out with them...dogs and people.,,1294785903211290625
cheerupskeetz,2020-08-15T23:59:49.000Z,we- that’s on completely changing your music taste during quarantine,,1294785902556872704
sunflwercait,2020-08-15T23:59:49.000Z,this is why their covid situation is so bad... also who tf would wanna go to a party thats basically a mosh pit ??  x.com/defnoodles/sta …,https://x.com/defnoodles/status/1294649829449019392,1294785901239758848
MirrorBreaking_,2020-08-15T23:59:49.000Z,BREAKING: More than 300 at illegal lockdown rave as police storm event to disburse crowds  mirror.co.uk/news/uk-news/b …,https://t.co/0jJtEIb7Gx,1294785900841512961
VirologistMunir,2020-08-15T23:59:49.000Z,Necessity is the mother of invention - Well done Africa.  Ten African innovations to help tackle Covid-19  bbc.co.uk/news/world-afr …,https://t.co/Lo4oXdwgPR,1294785899855859712
DoctorS85004434,2020-08-15T23:59:48.000Z,"Hmmm, not a doctor,,,does he mean the severe side effects to his bank account for not taking his proposed vaccine? @6831Bryan  @MelTheBos1  @GentlemanJonD  @JoeyCannoli4  @CaptainLives  @aliatra1968  @ETW16711609  @TrumpStudents  @StKosmoSiS  @Boldglory  @GunnyO1990  @Cowgirls4Trump",https://x.com/MelTheBos1 https://x.com/GentlemanJonD https://x.com/JoeyCannoli4 https://x.com/CaptainLives https://x.com/aliatra1968 https://x.com/ETW16711609 https://x.com/TrumpStudents https://x.com/Boldglory https://x.com/Cowgirls4Trump,1294785898417184773
norrisrk,2020-08-15T23:59:48.000Z,I just squeezed a second frozen pizza into my freezer and said out loud “I’m a magician”.  That’s where we’re at in month six of quarantine.,,1294785897934868481
SamiJo10106,2020-08-15T23:59:48.000Z,Great now just rescind your unconstitutional & unlawful mask mandate so Texans can get back to work! You are stifling Texas! . @realDonaldTrump  @DonaldJTrumpJr  @DanScavino  @AmericaRising7  @sav_says_  @scrowder  @FLOTUS  @JasonMillerinDC  @gregreese  @tedcruz  @dbongino  @MarkDice  @VP,https://x.com/realDonaldTrump https://x.com/DonaldJTrumpJr https://x.com/DanScavino https://x.com/AmericaRising7 https://x.com/scrowder https://x.com/FLOTUS https://x.com/gregreese https://x.com/tedcruz https://x.com/dbongino https://x.com/MarkDice https://x.com/VP,1294785897775464448
psghayleaux,2020-08-15T23:59:48.000Z,"You know what? I think I got a fucking head cold. In August. Even though I wear a mask at work and wash/sanitize my hands every 5 seconds.  Yesterday it was a sore throat/post nasal drip, thought it was because I wasn't taking my allergy meds with the anti-vertigo stuff.",,1294785897150525442
AnneChudy,2020-08-15T23:59:48.000Z,"Fighting The Opioid Epidemic In Romeoville, Will County  patch.com/illinois/romeo …",https://t.co/C1MZuvwpLh,1294785897058250752
BhadderBhabie,2020-08-15T23:59:48.000Z,the covid test taught me that the nostril really is the fourth hole!!!!,,1294785896907145217
BA_in_SC,2020-08-15T23:59:48.000Z,"irresponsible CNN. Anti-vaxers will latch on to this quote, but there isn't even a vaccine available today. Why post this comment?",,1294785896022253568
Pianokit,2020-08-15T23:59:48.000Z,"There have been reports, that people have been reinfected months after initial infection. The false positives you're referring to were when viral fragments rather than entire virus were amplified and detected by PCR testing. But as you say, this appears to be a rare occurrence.",,1294785895363559424
mediachristian4,2020-08-15T23:59:47.000Z,"The mortuary is cremating, this Wednesday, someone exposed to an asymptomatic person. I called him Dad.  And yes it’s long since time to reopen.",,1294785893610340352
WazzupWA,2020-08-15T23:59:47.000Z,Poverty kills people. It will kill more ppl than COVID.,,1294785893207662592
d1gitalgf,2020-08-15T23:59:46.000Z,ALSO I GOT A HELLO KITTY MASK TODAY!!,,1294785890397687810
whaleofuniverse,2020-08-15T23:59:46.000Z,"Tbh its such a great activity during this pandemic. I miss going to clubs to dance and have fun, listening to music and vibe. Im glad I got a VR to do that during this difficult time.",,1294785890246688769
Selkies_,2020-08-15T23:59:46.000Z,Why have I been doing my whole face in sunblock when I'm wearing a mask the entire time I'm outside,,1294785889374220288
usernotfound10x,2020-08-15T23:59:46.000Z,Nibbas who have covid-19 with Dioxido de cloro be like,,1294785889353084931
Kevin88Bryan,2020-08-15T23:59:46.000Z,"Sarah Rae Grossman, the 22-year-old recent Ohio State University graduate, died from coronary artery dissection due to a previously undiagnosed genetic variant of Ehlers-Danlos Syndrome, according to a statement from the family’s attorney, Coolidge Wall Co., L.P.A., of Dayton.",,1294785889114165251
bmangh,2020-08-15T23:59:46.000Z,WATCH: #TrumpVirus whines about getting blamed for college football not occurring due to his COVID failures – Raw Story  rawstory.com/2020/08/watch- …,https://x.com/hashtag/TrumpVirus?src=hashtag_click https://t.co/cY6tMwGxkL,1294785888371855360
Kerii86734367,2020-08-15T23:59:46.000Z,I will be dropping my ballot strait into the box. My mask on and keeping my distance. He can not stop us from voting his lying ass out!,,1294785887251730432
breannadanyell,2020-08-15T23:59:46.000Z,How are we in a pandemic and I’m still getting dragged out the house????????? I hate it here.,,1294785886694121472
sailor_venus11,2020-08-15T23:59:45.000Z,I miss life before covid but that’s what happened last year lol,,1294785885582499840
BoyerNiles,2020-08-15T23:59:45.000Z,"Calls for nationwide sickout as Arizona district cancels reopening  theguardian.com/us-news/2020/a … Juat shut the schools down indefinitely and then only those who can afford private tutors will have educated children, fuck public schools",https://t.co/QECkxtZmv5,1294785883535585280
ian_doha,2020-08-15T23:59:44.000Z,I’d also note that both the Lakeshore shelter and the modular housing initiative went through normal channels despite COVID. SSHA has no leg to stand on here except to say they want the building + people are homeless. Fine. There’s a process for approving shelters. Now follow it.,,1294785881132367880
dave1agar,2020-08-15T23:59:44.000Z,No plans to change course in B.C. as COVID-19 rebounds to peak levels. Here's why. | CBC News  cbc.ca/news/canada/br …,https://t.co/IlL6LaelP9,1294785881111498752
mattm_101,2020-08-15T23:59:44.000Z,Well first covid summer wedding just took an edible should be fun,,1294785880721199104
ianjaco77613809,2020-08-15T23:59:44.000Z,When will some pubs learn about social distancing,,1294785879979044864
ATOMTGOLD,2020-08-15T23:59:44.000Z,They actually make episode 21 of #allrise virtually? This movie is insanely good and even the pandemic couldn't alter the excellence put into it. Judge lola is my all time fav,https://x.com/hashtag/allrise?src=hashtag_click,1294785879261827072
zachery_nick,2020-08-15T23:59:43.000Z,"Worrying about climate change is about as effective as worrying about people who don’t wear a mask. Unless it’s an N95 mask, it’s not doing much.",,1294785878095732736
Theon_Matthews,2020-08-15T23:59:43.000Z,I honestly don't think wearing a mask should be mandatory.,,1294785877835644930
peachJY00,2020-08-15T23:59:43.000Z,been waiting for so long for jackson to put out his own brand and when he does i couldn’t get it or afford due to covid and i lost my job..,,1294785875293790209
ArpJann,2020-08-15T23:59:42.000Z,when will Covid end?,,1294785873553190912
LForce7,2020-08-15T23:59:41.000Z,He’s running on that he has incredible numbers on the coronavirus & economy that we have 5.35m cases & GDP that is negative 32.9%. Incredible failure more like it.,,1294785869862371328
BolshoyK9,2020-08-15T23:59:41.000Z,The Fall 2020 training program second course will commence at 12:30 am Sunday 13th September.This is an outdoor course a minimum handler/dog pair separation of 10 feet is used as normal. This exceeds the 6 ft social distancing requirements for Covid19 safety. 3 places available,,1294785868801159168
wild50,2020-08-15T23:59:41.000Z,"#Bitcoin is the best hedge, the whole current situation is the best indicative and that is where new #technologies point.  On the other hand, #WakeUp people, the #COVID19 its a big #SCAM.  English sub #Spanish, pay attention!!! #coronavirus #FauciGenocida  pscp.tv/GiuseppeNoc/1Y …",https://x.com/hashtag/Bitcoin?src=hashtag_click https://x.com/hashtag/technologies?src=hashtag_click https://x.com/hashtag/WakeUp?src=hashtag_click https://x.com/hashtag/COVID19?src=hashtag_click https://x.com/hashtag/SCAM?src=hashtag_click https://x.com/hashtag/Spanish?src=hashtag_click https://x.com/hashtag/coronavirus?src=hashtag_click https://x.com/hashtag/FauciGenocida?src=hashtag_click https://t.co/sKYmkEV3MD,1294785868516020224
DJRooU,2020-08-15T23:59:40.000Z,The virus also doesn’t spread if you’re at a bar in NY and order food. If you don’t eat a sandwich covid is a real threat. If you order a sandwich you’re safe. Ask  @NYGovCuomo,https://x.com/NYGovCuomo,1294785865449963525
gobbill,2020-08-15T23:59:40.000Z,Five #money tips to help you through tough times. When times are tough you need streamlined finances to cope with the chaos of the #COVID-19 crisis. Here are my top-five pieces of money guidance for these challenging times. lnkd.in/gbknzfX  #savings #budgeting,https://x.com/hashtag/money?src=hashtag_click https://x.com/hashtag/COVID?src=hashtag_click https://t.co/fTbI24Cg5r https://x.com/hashtag/savings?src=hashtag_click https://x.com/hashtag/budgeting?src=hashtag_click,1294785864011149312
venterandy,2020-08-15T23:59:40.000Z,"Odd that most of those states that put themselves into that category are poorly run Dem cities that locked down hard (hence the help required), and they still have some of the worst outcomes re COVID.",,1294785862895460352
PostTruthPaul,2020-08-15T23:59:40.000Z,Interesting how you seem to think it's the papers that have changed when the reality is that the tory party is the subject of a populist coup. A lazy philanderer PM and a cabinet of yes-men. The worst timing for a pandemic - any recent government would've handled it better.,,1294785862576869377
badzoot7,2020-08-15T23:59:40.000Z,"Seriously I’d like to know why you found it alarming.  After recently trying to explain your misinterpretation of basic info (in that flu vaccine insert) to you, I wonder about your comprehension.",,1294785861616201729
priyancake,2020-08-15T23:59:39.000Z,"Mulan deserves the silver screen. So I will wait. No matter how much the wind howls, the mountain cannot bow to it. This pandemic will not make a man out of me. I will defeat the Huns. I am a warrior.",,1294785860794298368
Lyn1Marc,2020-08-15T23:59:39.000Z,Notice I said early on in the Pandemic? You stated earlier in the conversation that “we were doing fine until MAGA asshats decided we needed haircuts.” This is an untrue statement. At the time NY was far and away the worst state for Covid infections and death. It’s still up there,,1294785858445488130
flair11,2020-08-15T23:59:39.000Z,I say if you refuse to take the vaccine then don't leave your house. Businesses should refuse to let you in if you don't take it,,1294785858269335552
Xquisitemilly,2020-08-15T23:59:39.000Z,Social Distancing,,1294785857656938500
ThatKidAtFAU,2020-08-15T23:59:38.000Z,"I miss life before covid but I’ve never been so excited to be able for my birthday to get a free day off  .....ya cuz I was laid off  thanks for that, covid. and thanks for rubbing it in, phone.",,1294785856478351360
CristianeGLima,2020-08-15T23:59:38.000Z,Perhaps coronavirus will achieve this feat (stop Carnival). I had never heard that song. Very fun! Thank you dear Rita!  youtu.be/oD9WX1O9kag,https://t.co/m6UK9yu4Fa,1294785855966646272
AngryMama11,2020-08-15T23:59:38.000Z,I miss life before COVID but I am not sure if I can get it to you and your family is doing well and you are a lot of people who are you doing today,,1294785854418739200
parrisxann,2020-08-15T23:59:38.000Z,Mfs don’t understand social distancing! BITCH BACK UP!,,1294785854016110592
3MTNInnKeepers,2020-08-15T23:59:37.000Z,"Thank you   @abramskids  and  @northshirebooks  for a fun, COVID safe chance to meet the great Jeff Kinney.  E loved it!!!! We are so  extra Lucky to have such an amazing local bookstore.   . . . . . . . . #3mtninn…  instagram.com/p/CD7eTF-l58D/ …",https://x.com/abramskids https://x.com/NorthshireBooks https://x.com/hashtag/3mtninn?src=hashtag_click https://t.co/v4lJ8LHUUp,1294785853097676802
BrandPlayAust,2020-08-15T23:59:37.000Z,It’s often remarked history always repeats itself here’s a clip from a newspaper circa 1918 during the height of the Spanish flu #corona #Quarantine #QuarantineLife #isolation #COVID19Vic #covid,https://x.com/hashtag/corona?src=hashtag_click https://x.com/hashtag/Quarantine?src=hashtag_click https://x.com/hashtag/QuarantineLife?src=hashtag_click https://x.com/hashtag/isolation?src=hashtag_click https://x.com/hashtag/COVID19Vic?src=hashtag_click https://x.com/hashtag/covid?src=hashtag_click,1294785851373703169
borneo_bulletin,2020-08-15T23:59:37.000Z,"#India set to mass produce #COVID19 #vaccine, launches health mission, says #Modi #borneobulletin  borneobulletin.com.bn/2020/08/india- …",https://x.com/hashtag/India?src=hashtag_click https://x.com/hashtag/COVID19?src=hashtag_click https://x.com/hashtag/vaccine?src=hashtag_click https://x.com/hashtag/Modi?src=hashtag_click https://x.com/hashtag/borneobulletin?src=hashtag_click https://t.co/8YaM2xhzli,1294785850752897024
RandyHusker,2020-08-15T23:59:37.000Z,"This is why we can’t have nice things  New covid-19 deaths, yesterday:  France: 18 Australia: 14 Spain: 12 UK: 11 Japan: 10 Germany: 8 Canada: 5  USA: 1,120",,1294785850329436161
meghancath,2020-08-15T23:59:37.000Z,“I miss life before covid but I had a good day”   My phone is a liar,,1294785849716924416
PplJustLikeUs,2020-08-15T23:59:35.000Z,"Who was it that cut funding to aged care ?  The Government has been left vulnerable on aged care, but it could also spell opportunity  abc.net.au/news/2020-08-1 …",https://t.co/R728MB9Jd4,1294785842309820416
arlene_witherly,2020-08-15T23:59:35.000Z,"Their blaming COVID for technology Slowdown,  Errors, Internet slow speed & Systems crashing? Then all the more reason why we desperately ned to improve our Postal services,  TrumpF  & his cult need DUMBFUCK whisperers & leave the Postal service alone",,1294785841093435392
deckybuzo,2020-08-15T23:59:34.000Z,Read my short story on Medium  medium.com/@UzorWrites/a- …,https://t.co/yC3dwjGUVy,1294785839315247104
tonybaltierra,2020-08-15T23:59:34.000Z,How are we five months into this pandemic and  @TGIFridays  still doesn’t have online ordering?,https://x.com/TGIFridays,1294785839239540737
LindaBorland5,2020-08-15T23:59:33.000Z,Covid stats are rigged you m effer,,1294785835758497792
EmmanuelUkudolo,2020-08-15T23:59:33.000Z,"Coronavirus: 325 new in Nigeria, U.K locked in misery of poor recoveries,  starconnectmedia.com/coronavirus-32 …",https://t.co/g6beTWSkR8,1294785833787064320
ElPatsFan,2020-08-15T23:59:33.000Z,After doing 3 weeks quarantine with my family after returning from Mexico I just can’t fathom Tukka VOLUNTEERING for that situation tbh,,1294785833354948610
dpatil,2020-08-15T23:59:33.000Z,Hey you! Yes you! Wear a mask   Together we can get COVID under control,,1294785833204031488
Mezzilicious,2020-08-15T23:59:33.000Z,NEW NEW NEW!!!!  Find these cute cases in the story sale. Can be used to carry a folded up mask or earphones/ear buds.  . . #handmade #mask #case #storysale #zipper #music #earbuds #headphones #vinylcrafts  instagram.com/p/CD7eSXfhmti/ …,https://x.com/hashtag/handmade?src=hashtag_click https://x.com/hashtag/mask?src=hashtag_click https://x.com/hashtag/case?src=hashtag_click https://x.com/hashtag/storysale?src=hashtag_click https://x.com/hashtag/zipper?src=hashtag_click https://x.com/hashtag/music?src=hashtag_click https://x.com/hashtag/earbuds?src=hashtag_click https://x.com/hashtag/headphones?src=hashtag_click https://x.com/hashtag/vinylcrafts?src=hashtag_click https://t.co/5TaP15Jxxm,1294785832524615680
blvckcement,2020-08-15T23:59:32.000Z,this shit is goofy as fuck and will almost certainly result in new COVID clusters. Instead of doing this you could’ve built a “Regal at Home” app/streaming service. But y’all greedy and lack foresight.,,1294785831480242179
PMA_Accountants,2020-08-15T23:59:32.000Z,"Coronavirus: How music played on in lockdown: The music industry nearly ground to a halt as the pandemic gripped the UK, so how have companies coped?  pmalinks.com/2PYlHRC",https://t.co/g7usLD4Oyk,1294785830578397185
NBN_Australia,2020-08-15T23:59:32.000Z,"For more information, please check your provider’s website or our blog  nbn.tm/2vFZf9m. If anyone uses a medical alarm/alert or has a life-threatening medical condition, please send us a private message via the link, with your address details, ^Shane 3/3",https://t.co/ysuVDgUUVX,1294785829991325697
NerdAged,2020-08-15T23:59:32.000Z,I miss life before covid but I don't know what to do with the same thing.,,1294785828959526912
KellyGr17032596,2020-08-15T23:59:32.000Z,CDC director acknowledges hospitals have a monetary incentive to overcount coronavirus deaths,,1294785828653346816
PurpleRain713,2020-08-15T23:59:31.000Z,Anyone buying the BS Trumpers r putting forth to justify the shit Trump is pulling on the USPS better remember Trump went on record telling the WHOLE WORLD why he was gutting it.Reminder that over 100 doctors came together to call out Dan’s lies during a pandemic abt the virus.,,1294785825994158082
RonRadical,2020-08-15T23:59:30.000Z,"You should have more options for this poll, like: ""Hell no"" or ""Get out of here with that Mask business"" and such...",,1294785823561392129
hlwegley,2020-08-15T23:59:30.000Z,Very interesting fact about Woodstock that provides some historical perspective  on the #caronavirus #pandemic and our response to it.,https://x.com/hashtag/caronavirus?src=hashtag_click https://x.com/hashtag/pandemic?src=hashtag_click,1294785822890135552
IndyLife,2020-08-15T23:59:30.000Z,How friendships are being tested by coronavirus  independent.co.uk/life-style/cor …,https://t.co/TvQiGyc3cg,1294785820667371521
InsideIowa,2020-08-15T23:59:29.000Z,"Another 75 students at Iowa State University have tested positive for #coronavirus while being screened before move in,  @AmesTribNews  reports:  amestrib.com/story/news/202 … insideia.com #insideiowa",https://x.com/hashtag/coronavirus?src=hashtag_click https://x.com/AmesTribNews https://t.co/pZjiStiyeR https://t.co/4vi8zlPZX1 https://x.com/hashtag/insideiowa?src=hashtag_click,1294785817991237632
KLUltraMaga,2020-08-15T23:59:28.000Z,"Yeah I agree, facts are pesky things: washingtonpost.com/opinions/2020/ …",https://t.co/6XRDpn4AYI,1294785815348944897
HawleyColette,2020-08-15T23:59:28.000Z,Actually I’m quite a flawed human who finds my “amazing” when I keep singing these free outside shows for seniors during Covid. Still offering free shows! Spread the word- I’m planning to hit the road & do a tour!coco,,1294785815223193600
damiee12,2020-08-15T23:59:28.000Z,Why don’t you drop it! Oh wait you and your wife have your mail in ballots! Why don’t you go vote in person since you think the pandemic is going to disappear!,,1294785815126708225
newsrust,2020-08-15T23:59:28.000Z,"Indians’ Zach Plesac, Mike Clevinger sent down after breaking coronavirus protocol ift.tt/30Xv36h",https://t.co/nHjcgUsxLe,1294785812308140032
lovelivingMAGA,2020-08-15T23:59:28.000Z,You are so full of it. Cuomo is Responsible for the COVID mess an NO ONE Else!,,1294785811746095104
disguisedapathy,2020-08-15T23:59:27.000Z,fun fact: didn’t last  someone i work with tested positive for covid!,,1294785809858658306
newsrust,2020-08-15T23:59:27.000Z,"Blazers star Jusuf Nurkic loses grandmother to COVID-19, then has double-double against Grizzlies in win ift.tt/3iJJukp",https://t.co/KiDbkFvLBw,1294785808629628928
dariomattheus,2020-08-15T23:59:27.000Z,I was today years old when I realized I don’t have to hold in my farts in public since everyone has on a mask,,1294785807706980352
novascharlie,2020-08-15T23:59:26.000Z,".. well  @Kat_McNamara , i think this one definitely sums up how i feel about everyone who doesn't wear a mask",https://x.com/Kat_McNamara,1294785806620655618
LuzanoB,2020-08-15T23:59:26.000Z,"Coronavirus Live Updates: In Arizona, a School District Cancels Classes After Teacher ‘Sick Out’  nytimes.com/2020/08/15/wor …",https://t.co/QjdalWXLXY,1294785806196813824
impassive,2020-08-15T23:59:26.000Z,"True, the MSM will give him a kicking regardless but even before Covid he was missing in action.",,1294785803667697665
civilengineer,2020-08-15T23:59:26.000Z,That must have been a one-way mask: intended to protect the wearer and to Hell with everybody he/she meets along the way.  Others cunningly rely on an exhaust valve to achieve the same result.,,1294785803466362880
dreamsk007,2020-08-15T23:59:25.000Z,"Oh common  not this this 2020 & Chinese govt, these B@$trdts ruined everything  outlookindia.com/website/story/ …",https://t.co/WymfKOcslt,1294785800685510656
Gwyllim1,2020-08-15T23:59:25.000Z,I thought the Left was saying hospitals were being overrun... dailywire.com/news/democrat- …,https://t.co/3LZmr9ID0L,1294785800132079616
mysticmugcake,2020-08-15T23:59:25.000Z,I miss life before covid but it was a great game,,1294785798806544384
JWeber988,2020-08-15T23:59:25.000Z,15-year-old dies from COVID-19 in Gwinnett County  wsbtv.com/news/local/gwi …,https://t.co/ksRkPhiK1N,1294785798668193793
_psychicschool,2020-08-15T23:59:24.000Z,Clairvoyant Meditation 103 MP3: Pandemic Fears - Available Now for Download – This guided meditation will teach you how to use psychic tools for managing the stress and anxiety resulting from the pandemic. #psychicschool  Learn more at  bit.ly/pandemichealing,https://x.com/hashtag/psychicschool?src=hashtag_click https://t.co/KLwPbn8C68,1294785797644845056
marc_saladbar,2020-08-15T23:59:24.000Z,No.  The odds of getting Covid and surving with no long term effects are significantly higher than 1. the vaccine actually being affective 50-60% and 2. not suffering from an adverse side affects of the vaccine.,,1294785796419907590
vicksiern,2020-08-15T23:59:24.000Z,"WHO CARES IF COVID-19 SPREADS?!  STAY LOCKED UP IF YOU WANT,  LET EVERYONE ELSE LIVE AGAIN!  ALLOW US TO USE HYDROXYCHLOROQUINE IF WE GET COVID-19!",,1294785796055003136
radikaldb,2020-08-15T23:59:24.000Z,way for us to mitigate the devastating effects of COVID-19 and strengthen our communities.,,1294785795677618177
radikaldb,2020-08-15T23:59:23.000Z,"bit.ly/3iKNstg  Farmers and food banks are key to keeping people healthy during this pandemic and year-round. And connecting those who grow food and those who need it is a concrete, practical",https://t.co/fIi6gjR7FD,1294785793895038977
meta_trash,2020-08-15T23:59:23.000Z,Been social distancing since March,,1294785793362284544
bronxgrrl,2020-08-15T23:59:23.000Z,Signs You Are Experiencing Quarantine Fatigue and What to Do  jobs.washingtonpost.com/article/signs- … via  @washpostjobs,https://t.co/TV7RWvZzOb https://x.com/washpostjobs,1294785792489984001
MaxCoverageTV,2020-08-15T23:59:22.000Z,Until the players parents sue the school when their kids catch COVID.. man oh man.,,1294785790032195586
lynne_penning,2020-08-15T23:59:22.000Z,"My newest business venture opened just a little over a year ago. We are doing it tough during this pandemic season. But we are greatful for a handful of our local SMEs, wantoks and friends who are still giving us businesses. Much appreciated.  g.page/accommodation- …",https://t.co/EIsdp3jOFC,1294785789218312192
Rexxynova,2020-08-15T23:59:22.000Z,I think we should stop expecting that these tik tokers are going to start doing the right thing. It’s clearly apprently too hard for them to do anything but party during a pandemic,,1294785788492673025
2me78239415,2020-08-15T23:59:22.000Z,"Once again a few of my friend got sic last week because of humidity they are very asthmatic ,had no symptoms of covid NONE they leave  the hospital and the paperwork said covid Hmm it seems closer to election the more cases are are arisen",,1294785788098613248
Cmalet50,2020-08-15T23:59:22.000Z,"First to head them cry, lady to see them wear a mask",,1294785787364605953
GG1girlD,2020-08-15T23:59:22.000Z,"GOP just loves to spread propaganda bullshit  lies.You gave a tax cut to millionaires & gave 0 to Americans.Meanwhile covid-19 is out of control.The GOP puts money into the hands of the filthy rich,including themselves.",https://t.co/Wn2Bie3hHF,1294785786513166336
LuthLandon,2020-08-15T23:59:21.000Z,Social distancing who? You can... but I don’t think snacks will be the main attraction,,1294785785812488192
PADailyHerald,2020-08-15T23:59:21.000Z,Premier Scott Moe said the provincial government is providing an additional $40 million for schools reopening and delaying the start date to September 8 to give teachers and other staff more time to prepare. paherald.sk.ca/2020/08/15/pre …,https://t.co/LYH0pPEmhg,1294785785724469248
simulator8,2020-08-15T23:59:21.000Z,⁦ @POTUS ⁩ ⁦ @realDonaldTrump ⁩ ⁦ @USTreasury ⁩ ⁦ @federalreserve ⁩ #FederalReserve needs to fully fund localities for duration #coronavirus.    Florida faces $5.4 billion deficit. Governor says addressing shortfall can wait  news.yahoo.com/florida-faces- …,https://x.com/POTUS https://x.com/realDonaldTrump https://x.com/USTreasury https://x.com/federalreserve https://x.com/hashtag/FederalReserve?src=hashtag_click https://x.com/hashtag/coronavirus?src=hashtag_click https://t.co/mM8UfDLY68,1294785784529268738
anton_francis,2020-08-15T23:59:21.000Z,@DavidPurdum  apologize if you discussed before but how do the books handle o/u season win bets for MLB if teams have games postponed due to COVID that are unable to be made up?,https://x.com/DavidPurdum,1294785783992328192
danika_sosa,2020-08-15T23:59:21.000Z,@peyysandra  since she said I didn’t @ her.... lmao anyways moral of the story wear a mask everyone,https://x.com/peyysandra,1294785783937642496
ThatKidAtFAU,2020-08-15T23:59:21.000Z,"I miss life before covid but I’ve never been so excited to be able for my birthday to get a free day off  .....ya cuz I was laid off  thanks for that, covid. and thanks for rubbing it in, phone.",,1294785783837196293
LeftistRight,2020-08-15T23:59:21.000Z,"Hey genius.  How many of those elections occurred during a pandemic?  Here’s a hint, it’s 0.  Next time, think before you tweet.  It will make you look less butt hurt.",,1294785783652589570
cmarienorthwest,2020-08-15T23:59:20.000Z,Small personal note: I went out in the world today (after basically hiding due to commissions/projects/Corona) and I felt OVERWHELMED by the quantity of people and noise I encountered.  Has anyone else had this experience? #lockdown #noise #needtohideagain,https://x.com/hashtag/lockdown?src=hashtag_click https://x.com/hashtag/noise?src=hashtag_click https://x.com/hashtag/needtohideagain?src=hashtag_click,1294785778560581632
DGlaucomflecken,2020-08-15T23:59:20.000Z,"You know what, forget working to get the pandemic under control, at this point I’d settle for this administration to stop actively trying to kill people",,1294785777738502144
FilipinaBride,2020-08-15T23:59:19.000Z,youtu.be/tnMWVpI9v9A Covid-19 Pandemic K1 Fiance Visa Processing Timeline,https://t.co/Ddhe8nuzJf,1294785777231167489
KRMGtulsa,2020-08-15T23:59:18.000Z,Coronavirus: FDA OKs emergency use for Yale’s COVID-19 saliva test used by NBA  bit.ly/31SW5ek,https://t.co/nrq8rNOaNN,1294785771539501057
Mandafa,2020-08-15T23:59:15.000Z,I miss life before COVID but I gotta get to the venue.,,1294785760827187201
OyyyeeeCorito86,2020-08-15T23:59:15.000Z,"Corito: Let's Take A pic Momma but don't get too close you got dat Rona'  Mama Corito:......  She says thanks for the prayers, twitter fam...  :  @callmeKris80   #coronavirus #COVID19Pandemic  #MamaCoritoStrong",https://x.com/callmeKris80 https://x.com/hashtag/coronavirus?src=hashtag_click https://x.com/hashtag/COVID19Pandemic?src=hashtag_click https://x.com/hashtag/MamaCoritoStrong?src=hashtag_click,1294785759023632386
ClimateDepot,2020-08-15T23:59:15.000Z,Ontario doctor subject of complaints after COVID-19 tweets -  regulatorwatch.com/reported_elsew …,https://t.co/jnm6gqrhFC,1294785758541225984
kcorvo2,2020-08-15T23:59:15.000Z,Trump should be on land and hold a rally to boats off shore. Social distancing. Perfect.,,1294785758503399425
KaptBlasto,2020-08-15T23:59:15.000Z,"So are you going to wear your mask to make whoopee, like Fauci Tells you to?  What happens if you're all by yourself?",,1294785757182386176
mac_time53,2020-08-15T23:59:14.000Z,It is a tough one. No season without QLD. 8 teams in strict quarantine during finals? Maybe they put a bye in between home and away and finals so players can quarantine in WA before finals start #50/50,,1294785755877740544
MattWilhalme,2020-08-15T23:59:14.000Z,“What if James Harden died at 14? We would have never gotten to experience his greatness. And now we’ll never get to see what Semaj could have become.”  Story from  @_EmmanuelMorgan    latimes.com/sports/story/2 …,https://x.com/_EmmanuelMorgan https://t.co/9sWmJk4DCn,1294785752593657856
donnydimarco,2020-08-15T23:59:13.000Z,This shit here is how Covid got started.,,1294785751624843264
Chase_Money16,2020-08-15T23:59:13.000Z,Y’all getting engaged in a pandemic?,,1294785751423561729
Clempowered,2020-08-15T23:59:13.000Z,Five crypto activities to keep you productive during COVID-19 quarantines  ift.tt/2VH70Vf,https://t.co/WlhGzPl9ee,1294785750542823425
Kevin88Bryan,2020-08-15T23:59:13.000Z,"Sarah Rae Grossman, the 22-year-old recent Ohio State University graduate, died from coronary artery dissection due to a previously undiagnosed genetic variant of Ehlers-Danlos Syndrome, according to a statement from the family’s attorney, Coolidge Wall Co., L.P.A., of Dayton.",,1294785749762691072
kpjpsp,2020-08-15T23:59:13.000Z,"Teachers understand the threat to their health, students, families... >100 of dist’s 250 teachers reportedly notified they'd be absent for the reopening. ""Reopening of Some AZ Schools Thwarted as Teachers Refuse to Return to Classrooms""  thedailybeast.com/reopening-of-s … via  @thedailybeast",https://t.co/ZrgNkfJCXV https://x.com/thedailybeast,1294785748562874369
BourbonDJThe,2020-08-15T23:59:12.000Z,"Don’t mention it, it’s good to talk and I’m sure you are right about Covid and isolation. Always happy to help if I can as are many others I’m sure . Together we will all get through this",,1294785747384500224
lifeontheledger,2020-08-15T23:59:11.000Z,I think I have COVID so that’s fun...loving life :),,1294785743668121600
changeworld2,2020-08-15T23:59:11.000Z,"Yes, in Europe you can crochet a mask or wear something with large holes as ""mouth and nose protection"" and get through everywhere. just insane and e.g. dangerous to our children.",,1294785741478862850
codecidedotnet,2020-08-15T23:59:11.000Z,Remote Work Can Be a Recruiting Boost - TechDecisions #diversity #universities #recruitingboost #company #workers #remotework via  mytechdecisions.com ☛  amp.gs/Fd8D,https://x.com/hashtag/diversity?src=hashtag_click https://x.com/hashtag/universities?src=hashtag_click https://x.com/hashtag/recruitingboost?src=hashtag_click https://x.com/hashtag/company?src=hashtag_click https://x.com/hashtag/workers?src=hashtag_click https://x.com/hashtag/remotework?src=hashtag_click https://t.co/B2PgsaTtVl https://t.co/kPmtAolbSR,1294785741214687237
abc_columbia,2020-08-15T23:59:11.000Z,"Join  @clairerich_news  tonight at 11pm with the latest #coronavirus numbers, plus your forecast.",https://x.com/clairerich_news https://x.com/hashtag/coronavirus?src=hashtag_click,1294785740648448001
ByBridal,2020-08-15T23:59:10.000Z,What a wonderful day today - so many brides turned out for the very first day of our Cookeville Strong - CoVid Clearance Sale.  We actually had to add more dresses to the sale for our plus size brides over size…  instagram.com/p/CD7ePl-DqV8/ …,https://t.co/FF4tAX1dan,1294785739646029829
roboverlord,2020-08-15T23:59:10.000Z,PSA - Self Quarantine,,1294785738765004800
dikumvi,2020-08-15T23:59:10.000Z,"Dotard Trump, stop your whining. All mail-in-ballots are absentee-ballots since the voters this time around don't physically show up at the polling stations due to Covid-19.",,1294785738727477248
Javinang,2020-08-15T23:59:10.000Z,Very nice this place !!!!  At least I don’t need to wear a fricking mask !!!! @ Level 29  instagram.com/p/CD7ePkTjcMD/ …,https://t.co/Fd4Typz1Lx,1294785736907075585
NaijatweetEnt,2020-08-15T23:59:09.000Z,"Oh No! Popular Nollywood Actress, Omotola Jalade-Ekeinde, Tests Positive For COVID-19  naijatweet.ng/oh-no-popular- …",https://t.co/GHgy7zYUuc,1294785734377975809
beckerman_emma,2020-08-15T23:59:09.000Z,Please pray my covid test comes back before Tuesday,,1294785732297588736
MeetsSarah,2020-08-15T23:59:08.000Z,#GODBLESSAMERICA  We haven't even BEGUN when it comes to covid. Everything is NOT OKAY. WE ARE NOT OKAY.  Schools opening is INSANITY.This FUCKING SPY APP has NOTHING to do with controlling covid. WE ARE A NATION IN DISTRESS and in no way prepared for what's coming down the pike,https://x.com/hashtag/GODBLESSAMERICA?src=hashtag_click,1294785730745688064
BLaw,2020-08-15T23:59:08.000Z,Real estate law could become “truly fascinating” for lawyers who know their business.,,1294785730347241472
DrMontague2U,2020-08-15T23:59:08.000Z,"For everyone who believes Covid-19 is “no worse than the flu,” will you volunteer to be exposed for vaccine trials? C’mon, be a hero  webmd.com/lung/news/2020 …",https://t.co/nnS0IMcLuR,1294785729977962501
R60848444,2020-08-15T23:59:07.000Z,"""We don't have much time left!"" Chinese Whistleblower Virologist Dr. Li-Meng Yan Flees Hong Kong To Expose Secret Investigation On #CCP Coronavirus ""This is about whether all humans in the world can survive"", says Dr Li Meng Yan youtu.be/qm9XLjlrzXE",https://x.com/hashtag/CCP?src=hashtag_click https://t.co/eLlLDINt5A,1294785725381185538
simply_noxx,2020-08-15T23:59:07.000Z,Seeing snaps from a Chillas I was invited to and I have the biggest FOMO . Yho Covid.,,1294785725297315847
chloehunt,2020-08-15T23:59:07.000Z,It is not safe if you're immunocompromised/elderly/have other high risk factors for dying from covid.,,1294785724873445376
brontyman,2020-08-15T23:59:07.000Z,"170,200 Americans dead in the pandemic. There comes a moment when the grief and despair overwhelm you and the temptation is to surrender to the darkness falling. In that moment let us light a candle to remember the dead and defeat the darkness.",,1294785724378517505
USL_Pony,2020-08-15T23:59:07.000Z,"Okay yeah its nice to show fans but do you *have* to zoom in one one person with their mask on their chin turning their face to talk to people masked up?  I get its actually a pretty representative image of society, but still... #INDvPIT",https://x.com/hashtag/INDvPIT?src=hashtag_click,1294785723531317248
bobj72,2020-08-15T23:59:06.000Z,"2/  ‘Shud the COVID-19 New Case Rate continue @ 50K - as is Avg. Rate reflected Daily, Nov. 2 Death Toll Will = 250K +.  [The U.S. REPRESENTS  5% of the World Populat’n.  The Absurdity is THE U.S. REPRESENTS  25% of The COVID-19 Cases Worldwide !!]    @K_JeanPierre  @MorningJoe ...",https://x.com/K_JeanPierre https://x.com/MorningJoe,1294785719160971264
cruadin,2020-08-15T23:59:05.000Z,"""... It’s unclear if Hill’s death was counted in state statistics as either a coronavirus death or a probable COVID-19 death.""  *Narrator: It' not at all unclear, of course it was. nypost.com/2020/08/14/wom …",https://t.co/kzBuZuCG7u,1294785718863245312
__cockgoblin__,2020-08-15T23:59:05.000Z,i either have covid or i’m severely dehydrated and i can’t tell which one it is :),,1294785717445566468
nobby15,2020-08-15T23:59:04.000Z,‘I feel helpless’: Families torn apart by border closures question why they can’t leave Australia | The New Daily  thenewdaily.com.au/news/coronavir …,https://t.co/n3AC4dAOiO,1294785714681335808
CONvergenceCon,2020-08-15T23:59:04.000Z,"Because #CVG2020 had to be postponed due to COVID-19 safety, we have worked hard to bring you an extra large helping of CONvergence Online! Everything on the schedule is FREE to attend. #CVGonline cvgcon.org/online",https://x.com/hashtag/CVG2020?src=hashtag_click https://x.com/hashtag/CVGonline?src=hashtag_click https://t.co/ZflJ0Gp5uE,1294785714383720448
Thought64532260,2020-08-15T23:59:04.000Z,"“Just in New York, over 2,500 seniors died that should not have died if those [CDC] guidelines were followed,” said Scalise, referring to Cuomo’s policy of placing coronavirus-infected seniors into nursing homes. breitbart.com/radio/2020/08/ …",https://t.co/VcGkBQvY5Q,1294785714035593216
sootytweet,2020-08-15T23:59:04.000Z,She has been moving toward Level 2 always.  When did the electoral commission start planning for an election to be held under level 2 scenario.  Way back.  Started getting the adverts before this covid-19 outbreak.  x.com/pulpyfictoriou …,https://x.com/pulpyfictorious/status/1294766544115965958,1294785713993469952
AndyVermaut,2020-08-15T23:59:04.000Z,Coronavirus: How music played on in lockdown  bbc.co.uk/news/business- …,https://t.co/eKhfeE4IQ3,1294785712399630336
PAULLEOFASO,2020-08-15T23:59:04.000Z,"Lockdowns Never Again: Sweden Was Right, and We Were Wrong  rumormillnews.com/cgi-bin/forum. …  JOE BIDEN AND THE COVID 19 HAMMERHEADS NEED TO RETHINK EVERYTHING THEY ARE PUSHING-",https://t.co/yloJlQDqNC,1294785712319893504
jehxnm,2020-08-15T23:59:04.000Z,not me putting on my mask before my pants,,1294785711946772480
jbklutsemedia,2020-08-15T23:59:04.000Z,COVID-19: Using ICT to accelerate development in Africa  jbklutse.com/covid-19-ict-a …,https://t.co/1Ne1zHe1Db,1294785711057637376
ghanawebportal,2020-08-15T23:59:04.000Z,Ten African innovations to help tackle Covid-19  dlvr.it/RdkFbr,https://t.co/DO3XGwQ7xV,1294785710881300481
ZoeDuane,2020-08-15T23:59:04.000Z,The best thing about COVID is getting to watch original  @HamiltonMusical . I’ve seen it live in London yet nothing prepared me for the original cast. 100th watch at this point and my obsession with  @OakSmash  @DaveedDiggs  @Lin_Manuel  &  @Phillipasoo  from the soundtrack is JUSTIFIED!,https://x.com/HamiltonMusical https://x.com/oaksmash https://x.com/DaveedDiggs https://x.com/Lin_Manuel https://x.com/phillipasoo,1294785710629814272
llygad_y_nos,2020-08-15T23:59:03.000Z,I can't wait to be freed of my dissertation so I can do all the normal quarantine things like bake bread,,1294785709526716417
WhteRbbnAdvocat,2020-08-15T23:59:03.000Z,Results are in: The guide to which mask will reduce the risk of COVID-19 | The New Daily  thenewdaily.com.au/news/2020/08/1 …,https://t.co/3P35nVUifH,1294785708670894081
Worldnews_Media,2020-08-15T23:59:03.000Z,Coronavirus: How music played on in lockdown  dlvr.it/RdkFd8,https://t.co/1rvhvkzqgO,1294785708284993538
jomackiwi,2020-08-15T23:59:03.000Z,"@PeterHotez  had been working on a Corona Virus vaccine for years, it was the common cold. He couldn't get funding for testing and had to shelve it. Everything that  @KizzyPhD  (and others)present already has a great research heart.  @JennerInstitute  Oxford vaccine, believe.",https://x.com/PeterHotez https://x.com/KizzyPhD https://x.com/JennerInstitute,1294785706452123648
TimesBritain,2020-08-15T23:59:02.000Z,"OHA: 412 new cases of COVID-19 reported in Oregon, one additional death  timesofbritain.com/2020/08/15/oha …",https://t.co/OjCMWNcpxr,1294785706217414656
Odabbey1,2020-08-15T23:59:02.000Z,3. was discriminating against Asians & other minorities from covid infected areas when he banned them from coming into the country!,,1294785705982537735
NZStuff,2020-08-15T23:59:02.000Z,Coronavirus: Ruapehu iwi call for regional lockdown after Covid-19 case visited skifield  dlvr.it/RdkFbY,https://t.co/IBVwYwFiXV,1294785704304599040
TimesBritain,2020-08-15T23:59:01.000Z,Calls for nationwide sickout as Arizona district cancels reopening  timesofbritain.com/2020/08/15/cal …,https://t.co/fAothzUNgq,1294785701289091081
_KayPhil,2020-08-15T23:59:01.000Z,I get that there are many quarters in society who are deriding the government on the LockDown measures. I will be the 1st to acknowledge that I’ve been fortunate to have a job throughout. BUT we must all acknowledge that the #SALockDown was necessary. We’ve  made good progress..,https://x.com/hashtag/SALockDown?src=hashtag_click,1294785700047577089
calaisport,2020-08-15T23:59:01.000Z,"4h BRITISH QUARANTINE FROM 15 AUGUST 2020 05H00 (French time): BEFORE travelling, please consult the British Government’s website to check the conditions for entering UK gov.uk/guidance/coron…",https://t.co/cvNsMl3iks,1294785699116457984
NicoIsGoood,2020-08-15T23:59:01.000Z,it’s mainly due to quarantine finally getting to me. i haven’t done anything in months and have been stuck at home forever with no work,,1294785698546036737
CarolCak3s,2020-08-15T23:59:00.000Z,She’s getting her Covid vaccine,,1294785697581133825
BradJamieson,2020-08-15T23:59:00.000Z,For us we just had to make a decision and move forward. Since we don’t have faith in gov’s plan we are doing distance learning until first report then reassessing based on how our kids are doing vs how our school is doing with Covid,,1294785697514053632
wolf_hopper,2020-08-15T23:59:00.000Z,The things we do for Two Legs during quarantine  #TwitterOfTime #WoofsOfTime,https://x.com/hashtag/TwitterOfTime?src=hashtag_click https://x.com/hashtag/WoofsOfTime?src=hashtag_click,1294785695567863809
marieRealtor,2020-08-15T23:59:00.000Z,Home prices climb to record in pandemic as buyers seek space  buff.ly/2E0qXkR,https://t.co/AmIiAgcuWo,1294785695530323974
msorvam,2020-08-15T23:59:00.000Z,The best Quarantine Baby announcement!! instagram.com/p/CD7X1PYjFlV/ …,https://t.co/oOFe6fCHwJ,1294785694024564737
USAnumberuno,2020-08-15T23:58:59.000Z,"Japan is doing an inside job in Hawaii with our japanese governor, he is using coved as a dem political weapon, crushing our economy an keeping us in perpetual quarantine.....",,1294785692929679360
NecroButcher187,2020-08-15T23:58:59.000Z,"how many decades and a half has the pandemic delayed the second salem album, our generations chinese democracy",,1294785692678135809
MrsLuvski,2020-08-15T23:58:59.000Z,‘Taking off your mask’ is the new ‘taking off your bra’.,,1294785690018828288
KarlHal93509926,2020-08-15T23:58:58.000Z,". @SenFeinstein , please pass an extension to the #PayrollSupportProgram through March 31 to ensure #pilots and #frontline workers keep their jobs and support the economy through this pandemic!",https://x.com/SenFeinstein https://x.com/hashtag/PayrollSupportProgram?src=hashtag_click https://x.com/hashtag/pilots?src=hashtag_click https://x.com/hashtag/frontline?src=hashtag_click,1294785687321862144
TLEPaz,2020-08-15T23:58:58.000Z,Guaranteed social distancing,,1294785686869073923
winstonsmith117,2020-08-15T23:58:58.000Z,"It’s not an anomaly, it’s not a one off, it’s an absolute fact that this is happening OFTEN enough. Covid is real and is actually killing people. We will never know how many because of the LIES!!!",,1294785686785187840
MikaVyx,2020-08-15T23:58:58.000Z,All I imagine is a weird Scooby-Doo episode where they capture Phil Spencer and under the mask is Ken  Kutaragi,,1294785686319632384
MKB27,2020-08-15T23:58:57.000Z,"Omg  @David_Speers  did you actually just say that just because the Commonwealth have the power to make laws about quarantine it doesn't mean they're responsible for quarantine. Um, what? No wonder there are questions about how partisan you are #insiders  @InsidersABC",https://x.com/David_Speers https://x.com/hashtag/insiders?src=hashtag_click https://x.com/InsidersABC,1294785683832229889
LouMerloni,2020-08-15T23:58:57.000Z,"We really have to stop blaming the guy that showed up and was told to get the best he could for Mookie, to try to include Price if he can. Find a new Manager 2 weeks before camp. Watch Sale get TJ. Lose Erod to Covid as well as best LHP relievers",,1294785682859319296
AggressiveDem,2020-08-15T23:58:56.000Z,"Trumpkin, speaking of being brainwashed, if HCQ is such a magically perfect drug for Covid, can you explain to me why the Trump administration has 63M doses in its stockpile that they cannot get rid of? I'll wait.  medicinenet.com/script/main/ar …",https://t.co/gWM7syakMv,1294785680866865157
RichardConniff,2020-08-15T23:58:56.000Z,"There are these things called ""mask extenders"" which take it behind your neck.  I use masks with behind the straps because (eyeglasses, hearing aids) too much already going on behind ears.",,1294785678883069953
SonofEmhak,2020-08-15T23:58:56.000Z,"Tim Curry was the evil space dragon, and the Mask that let them see through their cloaking technology, it was almost like a preview of Metroid Prime.",,1294785678761291776
Larry_du_Nord,2020-08-15T23:58:56.000Z,"Contact tracing is effective you fool. It's not snitching, it's doing a public good.",,1294785677322792960
pvxxost,2020-08-15T23:58:55.000Z,i miss life before covid but it was a good time,,1294785676639182848
MarissaMeleske,2020-08-15T23:58:55.000Z,"Try  @AnthonySabatini  or  @BriscoeCain  they are willing to represent people for free if you get in trouble for your lack of mask or, in your case, your MAGA mask.",https://x.com/AnthonySabatini https://x.com/BriscoeCain,1294785676559486976
sonpikap,2020-08-15T23:58:55.000Z,Pandemic summer be like...,,1294785676257484806
R60848444,2020-08-15T23:58:55.000Z,"""We don't have much time left!"" Chinese Whistleblower Virologist Dr. Li-Meng Yan Flees Hong Kong To Expose Secret Investigation On #CCP Coronavirus ""This is about whether all humans in the world can survive"", says Dr Li Meng Yan youtu.be/qm9XLjlrzXE",https://x.com/hashtag/CCP?src=hashtag_click https://t.co/eLlLDINt5A,1294785673409564672
Bronxhauntedhse,2020-08-15T23:58:55.000Z,"Who in hell made BIll Gates authority on meds. Hey, Bill Gates, Americans can read the bottle...and we can read your BS.  Shouldn't you be in quarantine, better in a basement with forgetful Joe?",,1294785672776224768
LIL_GG76,2020-08-15T23:58:54.000Z,"Nice to see this guy assume my race because I don't agree with him. Quarantine ended a long time ago. Even then, I still interests other than twitter.  x.com/lambeflores/st …",https://x.com/lambeflores/status/1294776094189662215,1294785670440005634
EcoWarrPrincess,2020-08-15T23:58:54.000Z,The Case for Working from Home – Even After the Pandemic  goo.gl/fb/b4p2uJ,https://t.co/VcIMvACYle,1294785669940817922
MBielecki,2020-08-15T23:58:54.000Z,This tweet is definitely: -irresponsible -dangerous -ignorant  Calling FL the epicenter of COVID is like saying your district is engine drives Florida’s citrus industry—neither statement is remotely true.,,1294785669554896897
IrishLady0071,2020-08-15T23:58:53.000Z,"Vote in person. Masks work. If your vulnerable to the COVID, apply for an absentee ballot. Anything else on this subject is political malfeasance.",,1294785667533242368
PunkLuke,2020-08-15T23:58:53.000Z,So when we reach 300 cases of Covoid19 like March will me go back to full lockdown. With the community transmissions going up well have to.,,1294785664639172610
coriandermardi,2020-08-15T23:58:52.000Z,"Watch ""Germany - The COVID - 19 Extra - Parliamentary Inquiry Committee"" on YouTube  youtu.be/FbBBv2IO8WI",https://t.co/VShRWHO0nF,1294785661443153921
karmanomad,2020-08-15T23:58:51.000Z,"""My fear of going outside, I think, was more like the opposite of a fear, the buffering negative space around it . . . a protective nothingness, a shutdown. ""  @j_zimms   catapult.co/stories/jess-z … via  @CatapultStory",https://x.com/j_zimms https://t.co/92W7uGsiR1 https://x.com/CatapultStory,1294785657382957056
Darby1787,2020-08-15T23:58:50.000Z,"One can only conclude that you are a mean, nasty, bitter, person. The unemployment is due to Covid and you know it. It was at the lowest point ever before China unleashed their virus on the world. See you at the polls!  BTW, don't worry, Trump will not stop your EBT.",,1294785655025917952
BdmBrad,2020-08-15T23:58:50.000Z,The USPS has seen a surge this year because of the PANDEMIC. Not a good time to downsize.,,1294785653402738689
artdirectionk,2020-08-15T23:58:50.000Z,...the release date is 4th September in the UK  if we don't go back in2 a severe #lockdown. #Pandemic #Covid19,https://x.com/hashtag/lockdown?src=hashtag_click https://x.com/hashtag/Pandemic?src=hashtag_click https://x.com/hashtag/Covid19?src=hashtag_click,1294785653050347520
Bionicjr99,2020-08-15T23:58:50.000Z,Check out XMEN LEGACY #211 SKRULL VARIANT COVER   ebay.us/6bdD6i via  @eBay,https://t.co/A464A6XZRl https://x.com/eBay,1294785652802965504
313Palmer,2020-08-15T23:58:50.000Z,Is Trump resp. for all the deaths in the other 170 countries too? COVID-19 was going 2 play out exactly as it has no matter who the prez was. Trump did save thousands w/the travel ban(that admittedly wasn’t stringent enough). BIDEN OPPOSED IT! U think that would have HELPED?,,1294785652056363008
conserened707,2020-08-15T23:58:49.000Z,She is wrong!  Trumps response has been great! Touché told us not to wear mask!  Shut down caused people to shut down and loose jobs!  Dems want too much pork in relief bills!,,1294785648952512514
HGNeills,2020-08-15T23:58:49.000Z,DnD Covid-19e: * All characters have to stay inside the whole time * Your characters cant interact with each other * It’s not fun,,1294785648365199360
GaryNotHairy,2020-08-15T23:58:49.000Z,"Covid much more effective propaganda tool than global warming; you won't die in 12 years, you'll die NOW!",,1294785648042430465
xHeadHoncho,2020-08-15T23:58:48.000Z,"No thanks, not in this COVID times",,1294785644632461318
shesohollyhood,2020-08-15T23:58:48.000Z,"Look trump im healthcare worker who caught covid, and still havent seen any money since last month",,1294785644439441408
Nighthawk18Nina,2020-08-15T23:58:47.000Z,"80% of Arizonians vote by mail, it's important for communities like the Navajo Nation and other rural areas. Don't even get me started on Veterans who are getting their medication 2 weeks late.  We especially need the USPS during this pandemic.",,1294785642979713024
NTbrians4Europe,2020-08-15T23:58:47.000Z,Chief bully at large is #DominicCummings. He scolds MPs for sending #BorisJohnson anything more than short notes about important topics such as the corona virus pandemic.,https://x.com/hashtag/DominicCummings?src=hashtag_click https://x.com/hashtag/BorisJohnson?src=hashtag_click,1294785642011004928
Wtech16,2020-08-15T23:58:47.000Z,"Just make the vote date delay to end of pandemic, be a president forever lol",,1294785641125826562
GottaBigMouth,2020-08-15T23:58:47.000Z,"While he's at it can be get accurate death numbers from Covid. None of this, died of cancer or another conditions but tested positive for Covid so was a Covid death. RTAs and overdoses who tested positive being recorded as Covid deaths etc etc.",,1294785640958222337
ChangingWindsMO,2020-08-15T23:58:46.000Z,Rather continue to ask until he answers  #TrumpFailedAmerica #COVID__19 response,https://x.com/hashtag/TrumpFailedAmerica?src=hashtag_click https://x.com/hashtag/COVID__19?src=hashtag_click https://x.com/hashtag/COVID__19?src=hashtag_click,1294785639104360448
rossacarswell,2020-08-15T23:58:46.000Z,"On coming home, during lockdown and summer I’ve been playing a lot of video games. Mainly  @CallofDuty   I am pained by the amount of homophobia and racism used by people in voice chat and text chat. What are game companies doing about this?",https://x.com/CallofDuty,1294785636931698688
sushimaccheese,2020-08-15T23:58:45.000Z,"""Older Children and the Coronavirus: A New Wrinkle in the Debate""   x.com/i/events/12946 …",https://x.com/i/events/1294653679258214402,1294785632963686400
fatted17,2020-08-15T23:58:45.000Z,Great summary of Covid questions  t.co/KRLZV2IA6u,https://t.co/KRLZV2IA6u,1294785631130923008
doned__,2020-08-15T23:58:44.000Z,Wlh i hate boredom plus covid ruined it,,1294785629952278531
Imready4it1,2020-08-15T23:58:44.000Z,"But because 1 idiot spouts this disinformation, and  @realDonaldTrump  repeats the stupidity (intentionally), now it is the focus - not #COVID , not #Corruption , not #racism",https://x.com/realDonaldTrump https://x.com/hashtag/COVID?src=hashtag_click https://x.com/hashtag/Corruption?src=hashtag_click https://x.com/hashtag/racism?src=hashtag_click,1294785629948194821
dancingstrheart,2020-08-15T23:58:44.000Z,Here’s a protest fauci mask  treadnot.us/product/fauci- …,https://t.co/nie8DT81QZ,1294785629285429249
NoUserName36,2020-08-15T23:58:44.000Z,Social distancing is just Orwellian double speak for social isolation which is a torture tactic used on prisoners of war to mentally and spiritually break them down.  This is child abuse at the hands of the state based on anti-science nonsense.  #DefundPublicSchools  t.co/KIoQkDamvw,https://x.com/hashtag/DefundPublicSchools?src=hashtag_click https://t.co/KIoQkDamvw,1294785629067210752
duncs1981,2020-08-15T23:58:44.000Z,"How many people has the flu killed in Aus in 2020? Oh yeah, a fraction of previous years due to lockdowns. Imagine what what covid would kill without lockdowns.",,1294785627611750403
Jlm9022,2020-08-15T23:58:44.000Z,"Democrats: Wear a mask it works   Democrats: We can't go to the polls it's dangerous   Republicans: So will wear a mask at the polls   Democrats: No! It's dangerous!  Republicans: But you said mask work?   Democrats: They do, but polls are dangerous   Republicans: You're nuts!",,1294785627091881984
GeekMama24,2020-08-15T23:58:43.000Z,"Amen to that!  Wear the damn mask over your mouth AND nose! I wish more people would listen. My sister in law and her family have it now. I’m thankful the doctors I work for are keeping our office closed, but I worry for my daughter moving back to college next month.",,1294785626592739328
dubvNOW,2020-08-15T23:58:43.000Z,"TikTok's Bryce Hall Hosts Massive Party in L.A., Real & Fake Cops Show  tmz.com/2020/08/15/tik …",https://t.co/sbFfJvJOny,1294785625951019010
PtiPost,2020-08-15T23:58:43.000Z,US Authorizes Use of Saliva Test for COVID-19 – FDA  thepakistanpost.net/us-authorizes- …,https://t.co/k3fZait4FS,1294785624671752195
steve32875,2020-08-15T23:58:43.000Z,Unfortunately COVID has got to run its course,,1294785623639949312
JustNewsline,2020-08-15T23:58:43.000Z,COVID-19: Nollywood actress Omotola tests positive READ HERE;  bit.ly/2PY8Xu1,https://t.co/myVLUUbRWy,1294785623220465665
emmaxtreme,2020-08-15T23:58:43.000Z,Because it all happened during a pandemic. Now those hundreds of people that were out together could pass it on and kill others.,,1294785623153352704
Legal_Alerts,2020-08-15T23:58:42.000Z,Reopening the Workplace: A Preliminary Guide for French Employers  jdsupra.com/legalnews/reop … | by  @morganlewislaw,https://t.co/4VaLQBJybL https://x.com/morganlewislaw,1294785620749869056
morning_news24h,2020-08-15T23:58:42.000Z,"Coronavirus: The pandemic’s impact on tech jobs, now and in due route  albahuth.info/coronavirus-th …",https://t.co/KOBya6LMXJ,1294785618661314560
KeithWVulhop,2020-08-15T23:58:41.000Z,Especially when the Covid cases are coming about because the players can’t be adults and stay in the hotel room When they are told too.,,1294785617348501505
ImaniKushan,2020-08-15T23:58:39.000Z,If I learned one thing in this pandemic is to live for me.   Spending your whole life trying to do the thing that's expected of you...and still end up here in this fucked up place.  Might as well try to create some joy in it all. There's enough misery out here for all of us.,,1294785608599166976
Sanpao19,2020-08-15T23:58:39.000Z,Found it in the internet while looking for ideas of what to do on quarantine,,1294785607844147200
doingmybest_thx,2020-08-15T23:58:39.000Z,getting targeted ads from AARP about dating during a pandemic so yeah I’d say that algorithm seems accurate,,1294785607206666253
StephenMatey3,2020-08-15T23:58:39.000Z,"Not a calculated dismantling, if usps is just straight up saying it can’t handle the work load of millions of mail in ballots. Get off your ass and go vote if you don’t trust the mail in. Tired of COVID being used as excuse! If you can food shop/you can vote! Not TRUMPS fault!",,1294785606195859456
RueRob,2020-08-15T23:58:39.000Z,pandemic energy has been full of growth and stillness. I needed this.,,1294785605738651649
cara__bear,2020-08-15T23:58:38.000Z,"I don’t understand why ppl are blaming the Coronavirus/it’s effects on Pres Trump. The economy has suffered bc of mandatory shutdowns, health guidelines, etc...not bc of who our President is.  Y’all expect him to say  “poof” and it will be gone? It’s a virus...",,1294785605230977026
peex02296355,2020-08-15T23:58:38.000Z,Monday is a big day where people is planning to break quarantine to manifest. We'll see what happens,,1294785603519881216
annedemic,2020-08-15T23:58:38.000Z,"Yeah, I understand. I feel terrible for those who lost jobs and especially during this pandemic.   But a girl can dream.",,1294785603255468032
mikylaschneider,2020-08-15T23:58:38.000Z,Reassuring to see some ideas that are going against the main stream concerning our response to Covid-19 in NZ media outlets. Wishing we could discuss rather than dismiss.,,1294785601552527360
carolcarcos,2020-08-15T23:58:37.000Z,Speers Insiders Hotel Quarantine what I am understanding is it should have had 1 authority. It should not have been in hotels. Centres like the earlier quarrantine from China. The Federal Government was overseeing. Why did that change?,,1294785598847250432
clout__strife,2020-08-15T23:58:37.000Z,bro why is it so hard to get my hands on a better desk.  im not abt to go wait in those dumb lines outside *k** with 30% of people just not wearing a mask,,1294785598557839361
VeerNews1,2020-08-15T23:58:36.000Z,"Intellasia East Asia News – Tokyo posts 389 new coronavirus cases, highest in nearly a week  veersell.com/intellasia-eas …",https://t.co/CMOTnnP3tM,1294785596708331522
MValbrecht,2020-08-15T23:58:36.000Z,Trump actually said the country is doing very will right now...evictions  people going hungry..no jobs..no more extra unemployment..Covid 19 Virus killing Americans..families destroyed and a president playing golf,,1294785595806490625
scottyssqueeze,2020-08-15T23:58:36.000Z,"Wow, you’re absolutely having a long day! If it weren’t for the damn #COVID , we’d be arm in arm. #KremlinAnnex #BLM",https://x.com/hashtag/COVID?src=hashtag_click https://x.com/hashtag/KremlinAnnex?src=hashtag_click https://x.com/hashtag/BLM?src=hashtag_click,1294785595458322432
5ft18eh,2020-08-15T23:58:36.000Z,Its not rocket science .. its trump science n THATS EZ TO BEAT.. get ur mail in ballot.. Fill it out Put on your FUCK TRUMP MASK Walk your ballot down to the nearest voting ballot secured drop box and hand it in  Thusly ending trumps douchebaggery n fuckery. YOU CAN DO IT AMERICA,,1294785595445665795
KubenaJames,2020-08-15T23:58:36.000Z,"I am leery of ANY vaccine the Trump administration may promote.   Mostly because, we know it is only about the election.",,1294785593960955905
QueensWalkhome,2020-08-15T23:58:36.000Z,Struggling to think of things you can do to keep active during the pandemic? Here are some quick tips to boost your activity during this static time!   Event details can be found at  facebook.com/events/6441245 ….  instagram.com/p/CD7eLZ8B8Xe/ …,https://t.co/fsyXcwwmCE https://t.co/V7mBOuRMuI,1294785593797414912
bERNIEm72446049,2020-08-15T23:58:36.000Z,Thank God people are standing up to the draconian Mask  BS laws,,1294785593650507776
MickiScavone,2020-08-15T23:58:35.000Z,"The continuing takes of the traveling Winterfest Beach Bag. My bff decided that having my birthday in the middle of lockdown with no celebration was not acceptable. So, girls getaway! Two days at the beautiful…  instagram.com/p/CD7eLYKncGA/ …",https://t.co/coZdgsD39P,1294785591901552642
ClimateDepot,2020-08-15T23:58:34.000Z,PETER HITCHENS: The state-sponsored panic of these times has killed more people than Covid ever did -  dailymail.co.uk/debate/article …,https://t.co/Vz3qLq9Tzs,1294785588579598336
polls_unbiased,2020-08-15T23:58:34.000Z,Would you take a COVID vaccine if one came out today?  Follow me   @polls_unbiased   Please  retweet and  like  #poll #USA #UnitedStates #coronavirus #CoronavirusOutbreak #COVID19 #vaccine,https://x.com/polls_unbiased https://x.com/hashtag/poll?src=hashtag_click https://x.com/hashtag/USA?src=hashtag_click https://x.com/hashtag/UnitedStates?src=hashtag_click https://x.com/hashtag/coronavirus?src=hashtag_click https://x.com/hashtag/CoronavirusOutbreak?src=hashtag_click https://x.com/hashtag/COVID19?src=hashtag_click https://x.com/hashtag/vaccine?src=hashtag_click https://x.com/hashtag/vaccine?src=hashtag_click,1294785588328042496
Cammie_Nicole,2020-08-15T23:58:34.000Z,Write your senators - we need to #SaveThePostOffice tell them to act now!  @usmailnot4sale  #SaveTheUSPS #USMailNotForSale  actionnetwork.org/letters/tell-c …,https://x.com/hashtag/SaveThePostOffice?src=hashtag_click https://x.com/usmailnot4sale https://x.com/hashtag/SaveTheUSPS?src=hashtag_click https://x.com/hashtag/USMailNotForSale?src=hashtag_click https://t.co/ZfgSKemvMr,1294785588147761152
ZibariGazi,2020-08-15T23:58:34.000Z,"Indeed, congratulations to all graduates specially during this horrible pandemic. Kurds need more scholars than ever before and we trust you will facilitate student exchange betweenbKRG and USA!  @USConGenErbil  @KRG_USA  @USEmbBaghdad  @masoud_barzani  @IKRPresident  @masrour_barzani",https://x.com/USConGenErbil https://x.com/KRG_USA https://x.com/USEmbBaghdad https://x.com/masoud_barzani https://x.com/IKRPresident,1294785588034510848
111publishing,2020-08-15T23:58:34.000Z,What 100 Writers Have Been Reading During Quarantine  lithub.com/what-100-write …  .,https://t.co/UpkCGLi2Th,1294785588000948224
dlewis730,2020-08-15T23:58:34.000Z,"advisory.com/daily-briefing … Zero evidence.  Oh, Biden doesn't know if he I running for Senate or President.  As the progressive party the best you can come up with is Biden? 41 years and what has he done for the people NOTHING.But he sure likes to talk about kids rubbing his leg hair",https://t.co/tbl4TyfKDd,1294785587468173312
0417Tina,2020-08-15T23:58:34.000Z,"I keep distant and wear a mask at all times, only removing to eat or drink, eat outside at places that keep tables well over 6 feet apart.  It IS ok to do those things. I do not have to justify doing ANYTHING to you or anyone else.  All are within the guidlines.",,1294785586256056321
pat19527750,2020-08-15T23:58:34.000Z,To all the people out there that are compromised and ask others to wear a mask to protect them EFF YOU!! If you were really compromised you would be wearing a respirator so we wouldn’t have to wear a damn thing! You are inconsiderate of others.,,1294785584809074688
ChochilinoNews,2020-08-15T23:58:32.000Z,Coronavirus: Ten African innovations to help tackle Covid-19  chochilino.com/2020/08/16/wor …,https://t.co/Uxt3tv0rJx,1294785578316312576
DlEFORAREASON,2020-08-15T23:58:32.000Z,and the fact this isn’t the first party he’s been to during the pandemic,,1294785577980698626
cd4print,2020-08-15T23:58:32.000Z,Does your #business need #designs or #graphics to promote your #brand? Let us help you during the COVID-19 #pandemic. Call today for pricing. 510-306-4298 #tommytmadeit  dlvr.it/RdkFYM,https://x.com/hashtag/business?src=hashtag_click https://x.com/hashtag/designs?src=hashtag_click https://x.com/hashtag/graphics?src=hashtag_click https://x.com/hashtag/brand?src=hashtag_click https://x.com/hashtag/pandemic?src=hashtag_click https://x.com/hashtag/tommytmadeit?src=hashtag_click https://t.co/6CuR99P7w6,1294785577762447360
ColonSurgeons,2020-08-15T23:58:32.000Z,Colon Cancer Rapid Test Kit Projected to Witness Vigorous Expansion by 2019-2026 - Scientect  dlvr.it/RdkFYN,https://t.co/Jp2Ve7WQjA,1294785577280102400
FreshChrisLaw,2020-08-15T23:58:32.000Z,Got part of the grief/Covid weight off.,,1294785577045245957
nakedauthor,2020-08-15T23:58:32.000Z,Elephant #seals #greatwhiteshark snack #sharkweek #sharkfucking #shark #bigsur #Coronavirus #pandemic #covid_19 #covid19 #2020 #summer #culvercity #losangeles #hollywood #california  @chrisssytina  #c4jforever #nakedauthor #jasonmitchiner...  tmblr.co/ZPULqrYn-gRfqy …,https://x.com/hashtag/seals?src=hashtag_click https://x.com/hashtag/greatwhiteshark?src=hashtag_click https://x.com/hashtag/sharkweek?src=hashtag_click https://x.com/hashtag/sharkfucking?src=hashtag_click https://x.com/hashtag/shark?src=hashtag_click https://x.com/hashtag/bigsur?src=hashtag_click https://x.com/hashtag/Coronavirus?src=hashtag_click https://x.com/hashtag/pandemic?src=hashtag_click https://x.com/hashtag/covid_19?src=hashtag_click https://x.com/hashtag/covid_19?src=hashtag_click https://x.com/hashtag/covid19?src=hashtag_click https://x.com/hashtag/summer?src=hashtag_click https://x.com/hashtag/culvercity?src=hashtag_click https://x.com/hashtag/losangeles?src=hashtag_click https://x.com/hashtag/hollywood?src=hashtag_click https://x.com/hashtag/california?src=hashtag_click https://x.com/chrisssytina https://x.com/hashtag/c4jforever?src=hashtag_click https://x.com/hashtag/nakedauthor?src=hashtag_click https://x.com/hashtag/jasonmitchiner?src=hashtag_click https://t.co/JciorURGwf,1294785576454041601
TheSouthEndWSU,2020-08-15T23:58:31.000Z,"The COVID-19 pandemic has shifted students’ experiences. While current Wayne State students will adjust to a different college lifestyle, an incoming freshman class is going into the fall under new circumstances.   thesouthend.wayne.edu/mobile/article …",https://t.co/6zWChLCAXk,1294785576068091906
billyw172,2020-08-15T23:58:31.000Z,How about staying there till the pandemic is over? The remaining uninfected,,1294785575292006403
thesaintsanj,2020-08-15T23:58:31.000Z,Me believe you. Wol a sweden mask less papa,,1294785575187349506
seangovind,2020-08-15T23:58:31.000Z,No one:  Hand sanitizer bottle on a table at a wedding during COVID: “Spread Love Not Germs ”,,1294785574813995010
ProfJasonLane,2020-08-15T23:58:31.000Z,And the questions continue about what the fall semester will look like as Capital Region school leaders met today to discuss whether reopening still on track  @UAlbanyEdu  @timesunion  timesunion.com/news/article/C …,https://x.com/UAlbanyEdu https://x.com/timesunion https://t.co/vzIxtNJ9R3,1294785574281326592
Hausen915,2020-08-15T23:58:31.000Z,WEAR A MASK,,1294785574080065537
faithfulMDcoach,2020-08-15T23:58:31.000Z,Wow. Love her questions. Future topics: write about books you’ve read during the pandemic and why they’re awesome. Ideas for activities: I wrote about an enriching idea here:  medone.informz.net/z/cjUucD9taT0z …. Please tell her I’ve published 4 books & I hope she keeps writing!,https://t.co/grutS3q2hu,1294785573589327872
Hnetu,2020-08-15T23:58:31.000Z,"I'd rather vote, catch coronavirus, become incredibly sick, possibly die, have lifelong debt and health issues than sit at home and let America's democracy crumble at the hands of a reality tv failure and whatever the fuck McConnell is.  Vote, your life depends on it.",,1294785573530607622
nakedauthor,2020-08-15T23:58:31.000Z,Elephant #seals #greatwhiteshark snack #sharkweek #sharkfucking #shark #bigsur #Coronavirus #pandemic #covid_19 #covid19 #2020 #summer #culvercity #losangeles #hollywood #california  @tinaeatsdrinks  #c4jforever…  instagram.com/p/CD7eHWVJZo7/ …,https://x.com/hashtag/seals?src=hashtag_click https://x.com/hashtag/greatwhiteshark?src=hashtag_click https://x.com/hashtag/sharkweek?src=hashtag_click https://x.com/hashtag/sharkfucking?src=hashtag_click https://x.com/hashtag/shark?src=hashtag_click https://x.com/hashtag/bigsur?src=hashtag_click https://x.com/hashtag/Coronavirus?src=hashtag_click https://x.com/hashtag/pandemic?src=hashtag_click https://x.com/hashtag/covid_19?src=hashtag_click https://x.com/hashtag/covid_19?src=hashtag_click https://x.com/hashtag/covid19?src=hashtag_click https://x.com/hashtag/summer?src=hashtag_click https://x.com/hashtag/culvercity?src=hashtag_click https://x.com/hashtag/losangeles?src=hashtag_click https://x.com/hashtag/hollywood?src=hashtag_click https://x.com/hashtag/california?src=hashtag_click https://x.com/tinaeatsdrinks https://x.com/hashtag/c4jforever?src=hashtag_click https://t.co/a6vg5eiArC,1294785573475856384
ChianconeMatt,2020-08-15T23:58:31.000Z,Mask required AKA- Muzzle up,,1294785572926562304
808constituent,2020-08-15T23:58:30.000Z,"Contact tracing is considered vital to reining in the spread of coronavirus. Contact tracers reach out to people who may have been exposed to a positive case, letting them know they should get tested. coursera.org/learn/covid-19 …",https://t.co/lIetWDQ98q,1294785571357724672
londonmnh,2020-08-15T23:58:30.000Z,"Snide. She’s quite the poor loser. She didn’t lose the game, the other team just followed the rules. Only they weren’t her rules. Boo hoo. Poor dear. Do use that voice till you’re hoarse as none of us are listening to be moved, but for the boredom of Covid quarantine",,1294785570644918273
OChem_Grenning,2020-08-15T23:58:30.000Z,Listening to  @remband  (#GOATrockers) and sketching out the next art project to work on with the kids (an #axCBN!) during the last week of #quarantine before school starts! #BlankCanvas #HappyWeekendYALL!,https://x.com/remband https://x.com/hashtag/GOATrockers?src=hashtag_click https://x.com/hashtag/axCBN?src=hashtag_click https://x.com/hashtag/quarantine?src=hashtag_click https://x.com/hashtag/BlankCanvas?src=hashtag_click https://x.com/hashtag/HappyWeekendYALL?src=hashtag_click,1294785569982164992
Slate,2020-08-15T23:58:30.000Z,It’s a shame it took a global pandemic for the NBA to give this good idea a shot.  slate.trib.al/R4awtHb,https://t.co/kX2HlhjDOg,1294785569705385985
Liquid_Times,2020-08-15T23:58:30.000Z,Can you name one thing National has done well this election campaign? You can go back to when Covid first arrived in NZ & Bridges was leader if that helps.  #nzpol,https://x.com/hashtag/nzpol?src=hashtag_click,1294785569562570753
linearlinelol,2020-08-15T23:58:30.000Z,I miss life before COVID but I don’t think it will happen anymore,,1294785569378230275
ebonynotivory_,2020-08-15T23:58:30.000Z,Y’all just be walking around with no type of mask on,,1294785568090607624
txexpat2000,2020-08-15T23:58:29.000Z,THE COVID TEST GAME CHANGER THAT NOBODY KNOWS ABOUT,,1294785566555303936
